ANDYHARM1710,Flag_SoftwareToken
ANDYHARM1710,Flag_SoftwareToken1
ANDYHARM1710,Flag_SoftwareToken1
ANDYHARM1710,Flag_SoftwareToken1
ANDYHARM1710,Flag_SoftwareToken1
ANDYHARM1710,Flag_SoftwareToken1
ANDYHARM1710,Flag_SoftwareToken1
ANDYHARM1710,Flag_SoftwareToken1
ANDYHARM1710,Flag_SoftwareToken1
ANDYHARM1710,Flag_SoftwareToken1
ANDYHARM1710,Flag_SoftwareToken1
ANDYHARM1710,Flag_SoftwareToken1
ANDYHARM1710,Flag_SoftwareToken1
ANDYHARM1710,Flag_SoftwareToken1
ANDYHARM1710,Flag_SoftwareToken1
ANDYHARM1710,Flag_SoftwareToken1
ANDYHARM1710,Flag_SoftwareToken1
ANDYHARM1710,Flag_SoftwareToken1
ANDYHARM1710,Flag_SoftwareToken1
ANDYHARM1710,Flag_SoftwareToken1
ANDYHARM1710,Flag_SoftwareToken1
ANDYHARM1710,Flag_SoftwareToken1
ANDYHARM1710,Flag_SoftwareToken1
ANDYHARM1710,Flag_SoftwareToken1
ANDYHARM1710,Flag_SoftwareToken1
ANDYHARM1710,Flag_SoftwareToken1
ANDYHARM1710,Flag_SoftwareToken1
ANDYHARM1710,Flag_SoftwareToken1
ANDYHARM1710,Flag_SoftwareToken1
ANDYHARM1710,Flag_SoftwareToken1
ANDYHARM1710,Flag_SoftwareToken1
ANDYHARM1710,Flag_SoftwareToken1
ANDYHARM1710,Flag_SoftwareToken1
ANDYHARM1710,Flag_SoftwareToken1
ANDYHARM1710,Flag_SoftwareToken1
ANDYHARM1710,Flag_SoftwareToken1
ANDYHARM1710,Flag_SoftwareToken1
ANDYHARM1710,Flag_SoftwareToken1
ANDYHARM1710,Flag_SoftwareToken1
ANDYHARM1710,Flag_SoftwareToken1
ANDYHARM1710,Flag_SoftwareToken1
ANDYHARM1710,Flag_SoftwareToken1
ANDYHARM1710,Flag_SoftwareToken1
ANDYHARM1710,Flag_SoftwareToken1
ANDYHARM1710,Flag_SoftwareToken1
ANDYHARM1710,Flag_SoftwareToken1
ANDYHARM1710,Flag_SoftwareToken1
ANDYHARM1710,Flag_SoftwareToken1
ANDYHARM1710,Flag_SoftwareToken1
ANDYHARM1710,Flag_SoftwareToken1
ANDYHARM1710,Flag_SoftwareToken1
ANDYHARM1710,Flag_SoftwareToken1
ANDYHARM1710,Flag_SoftwareToken1
ANDYHARM1710,Flag_SoftwareToken1
ANDYHARM1710,Flag_SoftwareToken1
ANDYHARM1710,Flag_SoftwareToken1
ANDYHARM1710,Flag_SoftwareToken1
ANDYHARM1710,Flag_SoftwareToken1
ANDYHARM1710,Flag_SoftwareToken1
ANDYHARM1710,Flag_SoftwareToken1
ANDYHARM1710,Flag_SoftwareToken1
ANDYHARM1710,Flag_SoftwareToken1
ANDYHARM1710,Flag_SoftwareToken1
ANDYHARM1710,Flag_SoftwareToken1
ANDYHARM1710,Flag_SoftwareToken1
ANDYHARM1710,Flag_SoftwareToken1
ANDYHARM1710,Flag_SoftwareToken1
ANDYHARM1710,Flag_SoftwareToken1
ANDYHARM1710,Flag_SoftwareToken1
ANDYHARM1710,Flag_SoftwareToken1
ANDYHARM1710,Flag_SoftwareToken1
ANDYHARM1710,Flag_SoftwareToken1
ANDYHARM1710,Flag_SoftwareToken1
ANDYHARM1710,Flag_SoftwareToken1
ANDYHARM1710,Flag_SoftwareToken1
ANDYHARM1710,Flag_SoftwareToken1
ANDYHARM1710,Flag_SoftwareToken1
ANDYHARM1710,Flag_SoftwareToken1
ANDYHARM1710,Flag_SoftwareToken1
ANDYHARM1710,Flag_SoftwareToken1
ANDYHARM1710,Flag_SoftwareToken1
ANDYHARM1710,Flag_SoftwareToken1
ANDYHARM1710,Flag_SoftwareToken1
ANDYHARM1710,Flag_SoftwareToken1
ANDYHARM1710,Flag_SoftwareToken1
ANDYHARM1710,Flag_SoftwareToken1
ANDYHARM1710,Flag_SoftwareToken1
ANDYHARM1710,Flag_SoftwareToken1
ANDYHARM1710,Flag_SoftwareToken1
ANDYHARM1710,Flag_SoftwareToken1
ANDYHARM1710,Flag_SoftwareToken1
ANDYHARM1710,Flag_SoftwareToken1
ANDYHARM1710,Flag_SoftwareToken1
ANDYHARM1710,Flag_SoftwareToken1
ANDYHARM1710,Flag_SoftwareToken1
ANDYHARM1710,Flag_SoftwareToken1
ANDYHARM1710,Flag_SoftwareToken1
ANDYHARM1710,Flag_SoftwareToken1
ANDYHARM1710,Flag_SoftwareToken1
ANDYHARM1710,Flag_SoftwareToken1
ANDYHARM1710,Flag_SoftwareToken1
ANDYHARM1710,Flag_SoftwareToken1
ANDYHARM1710,Flag_SoftwareToken1
ANDYHARM1710,Flag_SoftwareToken1
ANDYHARM1710,Flag_SoftwareToken1
ANDYHARM1710,Flag_SoftwareToken1
ANDYHARM1710,Flag_SoftwareToken1
ANDYHARM1710,Flag_SoftwareToken1
ANDYHARM1710,Flag_SoftwareToken1
ANDYHARM1710,Flag_SoftwareToken1
ANDYHARM1710,Flag_SoftwareToken1
ANDYHARM1710,Flag_SoftwareToken1
ANDYHARM1710,Flag_SoftwareToken1
ANDYHARM1710,Flag_SoftwareToken1
ANDYHARM1710,Flag_SoftwareToken1
ANDYHARM1710,Flag_SoftwareToken1
ANDYHARM1710,Flag_SoftwareToken1
ANDYHARM1710,Flag_SoftwareToken1
ANDYHARM1710,Flag_SoftwareToken1
ANDYHARM1710,Flag_SoftwareToken1
ANDYHARM1710,Flag_SoftwareToken1
ANDYHARM1710,Flag_SoftwareToken1
ANDYHARM1710,Flag_SoftwareToken1
ANDYHARM1710,Flag_SoftwareToken1
ANDYHARM1710,Flag_SoftwareToken1
ANDYHARM1710,Flag_SoftwareToken1
ANDYHARM1710,Flag_SoftwareToken1
ANDYHARM1710,Flag_SoftwareToken1
ANDYHARM1710,Flag_SoftwareToken1
ANDYHARM1710,Flag_SoftwareToken1
ANDYHARM1710,Flag_SoftwareToken1
ANDYHARM1710,Flag_SoftwareToken1
ANDYHARM1710,Flag_SoftwareToken1
ANDYHARM1710,Flag_SoftwareToken1
ANDYHARM1710,Flag_SoftwareToken1
ANDYHARM1710,Flag_SoftwareToken1
ANDYHARM1710,Flag_SoftwareToken1
ANDYHARM1710,Flag_SoftwareToken1
ANDYHARM1710,Flag_SoftwareToken1
ANDYHARM1710,Flag_SoftwareToken1
ANDYHARM1710,Flag_SoftwareToken1
ANDYHARM1710,Flag_SoftwareToken1
ANDYHARM1710,Flag_SoftwareToken1
ANDYHARM1710,Flag_SoftwareToken1
ANDYHARM1710,Flag_SoftwareToken1
ANDYHARM1710,Flag_SoftwareToken1
ANDYHARM1710,Flag_SoftwareToken1
ANDYHARM1710,Flag_SoftwareToken1
ANDYHARM1710,Flag_SoftwareToken1
ANDYHARM1710,Flag_SoftwareToken1
ANDYHARM1710,Flag_SoftwareToken1
ANDYHARM1710,Flag_SoftwareToken1
ANDYHARM1710,Flag_SoftwareToken1
ANDYHARM1710,Flag_SoftwareToken1
ANDYHARM1710,Flag_SoftwareToken1
ANDYHARM1710,Flag_SoftwareToken1
ANDYHARM1710,Flag_SoftwareToken1
ANDYHARM1710,Flag_SoftwareToken1
ANDYHARM1710,Flag_SoftwareToken1
ANDYHARM1710,Flag_SoftwareToken1
ANDYHARM1710,Flag_SoftwareToken1

ANDYHARM1710,Flag_SoftwareToken1
ANDYHARM1710,Flag_SoftwareToken1
ANDYHARM1710,Flag_SoftwareToken1
ANDYHARM1710,Flag_SoftwareToken1
ANDYHARM1710,Flag_SoftwareToken1
ANDYHARM1710,Flag_SoftwareToken1
ANDYHARM1710,Flag_SoftwareToken1
ANDYHARM1710,Flag_SoftwareToken1
ANDYHARM1710,Flag_SoftwareToken1
ANDYHARM1710,Flag_SoftwareToken1
ANDYHARM1710,Flag_SoftwareToken1
ANDYHARM1710,Flag_SoftwareToken1
ANDYHARM1710,Flag_SoftwareToken1
ANDYHARM1710,Flag_SoftwareToken1
ANDYHARM1710,Flag_SoftwareToken1
ANDYHARM1710,Flag_SoftwareToken1
ANDYHARM1710,Flag_SoftwareToken1
ANDYHARM1710,Flag_SoftwareToken1
ANDYHARM1710,Flag_SoftwareToken1
ANDYHARM1710,Flag_SoftwareToken1
ANDYHARM1710,Flag_SoftwareToken1
FERDIERM0202,Flag_SoftwareToken1
NAME1971,Flag_SoftwareToken1
auliarac1511,Flag_SoftwareToken1
HUSNI7777,Flag_SoftwareToken1
LIBST9999,Flag_SoftwareToken1
mariakat1411,Flag_SoftwareToken1
SoftwareT,Flag_SoftwareToken1
kitkat1111,Flag_SoftwareToken1
